[{"@type":"mappingTemplate","id":"@1","name":"m_sequence_case_04349811","description":"","bundleVersion":"0","templateId":"@3","deployTime":1657820096000,"hasParameters":false,"valid":true,"fixedConnection":true,"hasParametersDeployed":false,"fixedConnectionDeployed":true,"isSchemaValidationEnabled":false,"tasks":1,"mappingPreviewFileRecordId":"@2","documentType":"MAPPING","references":[{"@type":"reference","refObjectId":"@1XArR5E5ZBQlMrGoTtCUA1","refType":"businessService"},{"@type":"reference","refObjectId":"@8G8YsKlMhWBeSUSrNAU322","refType":"connection"},{"@type":"reference","refObjectId":"@093dMGOeKy4lgOWiMb1RaO","refType":"connection"},{"@type":"reference","refObjectId":"@1XArR5E5ZBQlMrGoTtCUA1@Start","refType":"businessOperation"}]}]