[{"@type":"mappingTemplate","id":"@1","name":"m_restV2_LMS_365_Users_case_04248233","description":"","bundleVersion":"0","templateId":"@3","deployTime":1640179102000,"hasParameters":false,"valid":true,"fixedConnection":true,"hasParametersDeployed":false,"fixedConnectionDeployed":true,"isSchemaValidationEnabled":false,"tasks":1,"mappingPreviewFileRecordId":"@2","documentType":"MAPPING","references":[{"@type":"reference","refObjectId":"@aMIamTDptCnjjdsiWOwPow","refType":"connection"},{"@type":"reference","refObjectId":"@aRpsgJfKkqdeVJi5wC1kI7","refType":"connection"}]}]