[{"@type":"fileRecord","id":"@3","name":"fault","type":"XSD","size":6383,"attachTime":1657799287000},{"@type":"fileRecord","id":"@6","name":"response","type":"XSD","size":7921,"attachTime":1657799287000},{"@type":"fileRecord","id":"@5","name":"request","type":"XSD","size":6748,"attachTime":1657799287000},{"@type":"fileRecord","id":"@4","name":"metadata","type":"JSON","size":2699,"attachTime":1657799287000},{"@type":"fileRecord","id":"@2","name":"extension","type":"XML","size":27193,"attachTime":1657799287000}]