[{"@type":"fileRecord","id":"@6","name":"response","type":"XSD","size":12381,"attachTime":1640282442000},{"@type":"fileRecord","id":"@5","name":"request","type":"XSD","size":10285,"attachTime":1640282442000},{"@type":"fileRecord","id":"@4","name":"metadata","type":"JSON","size":8891,"attachTime":1640282442000},{"@type":"fileRecord","id":"@2","name":"extension","type":"XML","size":35112,"attachTime":1640282442000},{"@type":"fileRecord","id":"@3","name":"fault","type":"XSD","size":6213,"attachTime":1640282442000}]