[{"@type":"mappingTemplate","id":"@1","name":"m_update_table","description":"","bundleVersion":"0","templateId":"@3","deployTime":1671103048000,"hasParameters":false,"valid":true,"fixedConnection":true,"hasParametersDeployed":false,"fixedConnectionDeployed":true,"isSchemaValidationEnabled":false,"tasks":0,"mappingPreviewFileRecordId":"@2","documentType":"MAPPING","references":[{"@type":"reference","refObjectId":"@093dMGOeKy4lgOWiMb1RaO","refType":"connection"},{"@type":"reference","refObjectId":"@3X0IKzlDxJbdLqbgaYKKw5","refType":"connection"}]}]