[{"@type":"mappingTemplate","id":"@1","name":"m_ACO_DataMart_SQL_1","description":"This mapping is designed to generate various date attributes based upon the current date.  These attributes will be used to control the flow of the task flow process.\nThis process will generate a parm file with dates to be passed to input-output parameters.","bundleVersion":"0","templateId":"@3","deployTime":1659710965000,"hasParameters":true,"valid":true,"fixedConnection":true,"hasParametersDeployed":true,"fixedConnectionDeployed":true,"isSchemaValidationEnabled":false,"tasks":2,"mappingPreviewFileRecordId":"@2","documentType":"MAPPING","references":[{"@type":"reference","refObjectId":"@8G8YsKlMhWBeSUSrNAU322","refType":"connection"},{"@type":"reference","refObjectId":"@093dMGOeKy4lgOWiMb1RaO","refType":"connection"}]}]