[{"@type":"mappingTemplate","id":"@1","name":"m_auth_anaplan","description":"","bundleVersion":"0","templateId":"@3","deployTime":1657297611000,"hasParameters":false,"valid":true,"fixedConnection":true,"hasParametersDeployed":false,"fixedConnectionDeployed":true,"isSchemaValidationEnabled":false,"tasks":1,"mappingPreviewFileRecordId":"@2","documentType":"MAPPING","references":[{"@type":"reference","refObjectId":"@hBx9q71MnOafMOF6GL6EIN","refType":"connection"},{"@type":"reference","refObjectId":"@8G8YsKlMhWBeSUSrNAU322","refType":"connection"}]}]