[{"@type":"fileRecord","id":"@2","name":"extension","type":"XML","size":31578,"attachTime":1640282645000},{"@type":"fileRecord","id":"@3","name":"fault","type":"XSD","size":6219,"attachTime":1640282645000},{"@type":"fileRecord","id":"@6","name":"response","type":"XSD","size":12287,"attachTime":1640282645000},{"@type":"fileRecord","id":"@5","name":"request","type":"XSD","size":6825,"attachTime":1640282645000},{"@type":"fileRecord","id":"@4","name":"metadata","type":"JSON","size":7456,"attachTime":1640282645000}]