[{"@type":"mappingTemplate","id":"@1","name":"m_odata_consumer_case_04248233","description":"","bundleVersion":"0","templateId":"@3","deployTime":1639975388000,"hasParameters":false,"valid":true,"fixedConnection":true,"hasParametersDeployed":false,"fixedConnectionDeployed":true,"isSchemaValidationEnabled":false,"tasks":1,"mappingPreviewFileRecordId":"@2","documentType":"MAPPING","references":[{"@type":"reference","refObjectId":"@aRpsgJfKkqdeVJi5wC1kI7","refType":"connection"},{"@type":"reference","refObjectId":"@2kbxEl5zBnFhHx2kWXWZ4T","refType":"businessService"}]}]