[{"@type":"mappingTemplate","id":"@1","name":"mRestV2Get","description":"","bundleVersion":"0","templateId":"@3","deployTime":1664196463000,"hasParameters":false,"valid":true,"fixedConnection":true,"hasParametersDeployed":false,"fixedConnectionDeployed":true,"isSchemaValidationEnabled":false,"tasks":0,"mappingPreviewFileRecordId":"@2","documentType":"MAPPING","references":[{"@type":"reference","refObjectId":"@8G8YsKlMhWBeSUSrNAU322","refType":"connection"},{"@type":"reference","refObjectId":"@kywa4G9vxIxgHKUTnXuLiz","refType":"connection"}]}]