[{"@type":"fileRecord","id":"@5","name":"request","type":"XSD","size":10434,"attachTime":1653647835000},{"@type":"fileRecord","id":"@4","name":"metadata","type":"JSON","size":8194,"attachTime":1653647835000},{"@type":"fileRecord","id":"@2","name":"extension","type":"XML","size":34613,"attachTime":1653647835000},{"@type":"fileRecord","id":"@3","name":"fault","type":"XSD","size":6219,"attachTime":1653647835000},{"@type":"fileRecord","id":"@6","name":"response","type":"XSD","size":11710,"attachTime":1653647835000}]