[{"@type":"mappingTemplate","id":"@1","name":"m_parameter_file","description":"","bundleVersion":"0","templateId":"@3","deployTime":1653070310000,"hasParameters":true,"valid":true,"fixedConnection":true,"hasParametersDeployed":true,"fixedConnectionDeployed":true,"isSchemaValidationEnabled":false,"tasks":1,"mappingPreviewFileRecordId":"@2","documentType":"MAPPING","references":[{"@type":"reference","refObjectId":"@78kqIrk3vkUdvGeEDAw668","refType":"connection"},{"@type":"reference","refObjectId":"@av0NLX5f9yHe2Wsfkvy4OR","refType":"connection"}]}]