[{"@type":"mappingTemplate","id":"@1","name":"m_soap","description":"","bundleVersion":"0","templateId":"@3","deployTime":1676996812000,"hasParameters":false,"valid":true,"fixedConnection":true,"hasParametersDeployed":false,"fixedConnectionDeployed":true,"isSchemaValidationEnabled":false,"tasks":0,"mappingPreviewFileRecordId":"@2","documentType":"MAPPING","references":[{"@type":"reference","refObjectId":"@093dMGOeKy4lgOWiMb1RaO","refType":"connection"},{"@type":"reference","refObjectId":"@18zqZ00zxmtc4RXI9t4ZAa@procXqueryTest","refType":"businessOperation"},{"@type":"reference","refObjectId":"@18zqZ00zxmtc4RXI9t4ZAa","refType":"businessService"},{"@type":"reference","refObjectId":"@8G8YsKlMhWBeSUSrNAU322","refType":"connection"}]}]