[{"@type":"mappingTemplate","id":"@1","name":"mRestV2InvocaCase04329185","description":"","bundleVersion":"0","templateId":"@3","deployTime":1653678350000,"hasParameters":false,"valid":true,"fixedConnection":true,"hasParametersDeployed":false,"fixedConnectionDeployed":true,"isSchemaValidationEnabled":false,"tasks":1,"mappingPreviewFileRecordId":"@2","documentType":"MAPPING","references":[{"@type":"reference","refObjectId":"@093dMGOeKy4lgOWiMb1RaO","refType":"connection"},{"@type":"reference","refObjectId":"@4HdRYb2nF9YimRHvMBHPAe","refType":"businessService"},{"@type":"reference","refObjectId":"@4HdRYb2nF9YimRHvMBHPAe@Transaction","refType":"businessOperation"},{"@type":"reference","refObjectId":"@8G8YsKlMhWBeSUSrNAU322","refType":"connection"}]}]