[{"@type":"mappingTemplate","id":"@1","name":"m_restV2Post_source","description":"","bundleVersion":"0","templateId":"@3","deployTime":1678685484000,"hasParameters":false,"valid":true,"fixedConnection":true,"hasParametersDeployed":false,"fixedConnectionDeployed":true,"isSchemaValidationEnabled":false,"tasks":1,"mappingPreviewFileRecordId":"@2","documentType":"MAPPING","references":[{"@type":"reference","refObjectId":"@8G8YsKlMhWBeSUSrNAU322","refType":"connection"},{"@type":"reference","refObjectId":"@4BTZF5ORY8fi8TELTyk6uG","refType":"connection"}]}]