[{"@type":"fileRecord","id":"@6","name":"response","type":"XSD","size":4509,"attachTime":1648781879000},{"@type":"fileRecord","id":"@5","name":"request","type":"XSD","size":4405,"attachTime":1648781879000},{"@type":"fileRecord","id":"@4","name":"metadata","type":"JSON","size":3027,"attachTime":1648781879000},{"@type":"fileRecord","id":"@2","name":"extension","type":"XML","size":14880,"attachTime":1648781879000},{"@type":"fileRecord","id":"@3","name":"fault","type":"XSD","size":4519,"attachTime":1648781879000}]