[{"@type":"mappingTemplate","id":"@1","name":"m_odata_post_odata_org_case_04248233","description":"","bundleVersion":"0","templateId":"@3","deployTime":1640264392000,"hasParameters":false,"valid":true,"fixedConnection":true,"hasParametersDeployed":false,"fixedConnectionDeployed":true,"isSchemaValidationEnabled":false,"tasks":1,"mappingPreviewFileRecordId":"@2","documentType":"MAPPING","references":[{"@type":"reference","refObjectId":"@2IwXvgyoUiwiRyDMrpzMQX","refType":"connection"},{"@type":"reference","refObjectId":"@aRpsgJfKkqdeVJi5wC1kI7","refType":"connection"}]}]