[{"@type":"mappingTemplate","id":"@1","name":"m_usersV2_get_lms_365","description":"","bundleVersion":"0","templateId":"@3","deployTime":1640283181000,"hasParameters":false,"valid":true,"fixedConnection":true,"hasParametersDeployed":false,"fixedConnectionDeployed":true,"isSchemaValidationEnabled":false,"tasks":1,"mappingPreviewFileRecordId":"@2","documentType":"MAPPING","references":[{"@type":"reference","refObjectId":"@4byonkvJGQCfHnWOEhuz8a","refType":"connection"},{"@type":"reference","refObjectId":"@aRpsgJfKkqdeVJi5wC1kI7","refType":"connection"}]}]