[{"@type":"businessService","id":"@1","name":"bsMutliGet","description":"GetUser Added","type":"WebService","connectionId":"@7J8lzN4hkKUbf5c80YKcWg","businessOperations":[{"@type":"businessOperation","id":"@6UQBWr8O7Gyir5zSf2o4Oz@GetOrg","originName":"GetOrg","name":"GetOrg","description":"","configured":false,"metadataId":"@4","requestId":"@5","responseId":"@6","faultId":"@3","extensionXmlId":"@2"},{"@type":"businessOperation","id":"@6UQBWr8O7Gyir5zSf2o4Oz@GetUser","originName":"GetUser","name":"GetUser","description":"","configured":false,"metadataId":"@9","requestId":"@10","responseId":"@11","faultId":"@8","extensionXmlId":"@7"}]}]