[{"@type":"fileRecord","id":"@9","name":"metadata","type":"JSON","size":11410,"attachTime":1682403904000},{"@type":"fileRecord","id":"@2","name":"extension","type":"XML","size":35437,"attachTime":1682403904000},{"@type":"fileRecord","id":"@3","name":"fault","type":"XSD","size":6389,"attachTime":1682403904000},{"@type":"fileRecord","id":"@6","name":"response","type":"XSD","size":16470,"attachTime":1682403904000},{"@type":"fileRecord","id":"@7","name":"extension","type":"XML","size":38806,"attachTime":1682403904000},{"@type":"fileRecord","id":"@8","name":"fault","type":"XSD","size":6395,"attachTime":1682403904000},{"@type":"fileRecord","id":"@11","name":"response","type":"XSD","size":19830,"attachTime":1682403904000},{"@type":"fileRecord","id":"@10","name":"request","type":"XSD","size":6469,"attachTime":1682403904000},{"@type":"fileRecord","id":"@5","name":"request","type":"XSD","size":6469,"attachTime":1682403904000},{"@type":"fileRecord","id":"@4","name":"metadata","type":"JSON","size":9318,"attachTime":1682403904000}]