[{"@type":"mappingTemplate","id":"@1","name":"mMultiGetUserRestV2","description":"","bundleVersion":"0","templateId":"@3","deployTime":1685721842000,"hasParameters":false,"valid":true,"fixedConnection":true,"hasParametersDeployed":false,"fixedConnectionDeployed":true,"isSchemaValidationEnabled":false,"tasks":1,"mappingPreviewFileRecordId":"@2","documentType":"MAPPING","references":[{"@type":"reference","refObjectId":"@8G8YsKlMhWBeSUSrNAU322","refType":"connection"},{"@type":"reference","refObjectId":"@4BTZF5ORY8fi8TELTyk6uG","refType":"connection"},{"@type":"reference","refObjectId":"@6UQBWr8O7Gyir5zSf2o4Oz","refType":"businessService"},{"@type":"reference","refObjectId":"@6UQBWr8O7Gyir5zSf2o4Oz@GetOrg","refType":"businessOperation"}]}]