[{"@type":"fileRecord","id":"@5","name":"request","type":"XSD","size":7143,"attachTime":1656674490000},{"@type":"fileRecord","id":"@4","name":"metadata","type":"JSON","size":10297,"attachTime":1656674490000},{"@type":"fileRecord","id":"@2","name":"extension","type":"XML","size":36329,"attachTime":1656674490000},{"@type":"fileRecord","id":"@3","name":"fault","type":"XSD","size":6183,"attachTime":1656674490000},{"@type":"fileRecord","id":"@6","name":"response","type":"XSD","size":16753,"attachTime":1656674490000}]