[{"@type":"mappingTemplate","id":"@1","name":"m_restV2Post_source_case_04347045","description":"","bundleVersion":"0","templateId":"@3","deployTime":1657121915000,"hasParameters":false,"valid":true,"fixedConnection":true,"hasParametersDeployed":false,"fixedConnectionDeployed":true,"isSchemaValidationEnabled":false,"tasks":0,"mappingPreviewFileRecordId":"@2","documentType":"MAPPING","references":[{"@type":"reference","refObjectId":"@5VnuLriikewiSVUiHkG7IW","refType":"connection"},{"@type":"reference","refObjectId":"@8G8YsKlMhWBeSUSrNAU322","refType":"connection"}]}]