[{"@type":"dssTask","id":"@1","name":"dss_fileprocessor_to_flatfile_case_04277522","description":"","maxLogs":10,"sourceConnectionId":"@4LVRS6T1Mmce672jcRJToC","targetConnectionId":"@aRpsgJfKkqdeVJi5wC1kI7","targetObject":"SFTP_GET.csv","operation":"Insert","maxRows":0,"truncateTarget":false,"bulkApiDBTarget":false,"verbose":false,"tgtFlatFileAttrs":{"@type":"flatFileAttrs","id":53321788,"delimiter":",","textQualifier":"\"","escapeChar":"","headerLineNo":1,"firstDataRow":2},"targetMetadataUpdated":false,"modelVersion":"V3-R600","queryAll":false,"srcSettings":{"@type":"taskDataSourceSetting","isShowLabels":false,"isNaturalOrder":false},"tgtSettings":{"@type":"taskDataSourceSetting","isShowLabels":false,"isNaturalOrder":false},"cfSettings":{"@type":"taskDataSourceSetting","isShowLabels":false,"isNaturalOrder":false},"bulkApi":false,"bulkApiSerialMode":false,"bulkApiMonitor":false,"isTargetObjectSfCustom":false,"allowNullUpdates":false,"targetBatchSize":200,"assignmentRuleId":"-1","assignmentRuleType":"None","createSuccessFile":false,"bulkApiHardDelete":false,"srcRuntimeAttrs":{"@type":"taskRuntimeAttrs","attrs":{"Retry Count":"3"}},"tgtRuntimeAttrs":{"@type":"taskRuntimeAttrs","attrs":{}},"parameterFileEncoding":"UTF-8","serverlessProperties":{},"sourceObjects":[{"@type":"mObject","name":"SFTP_GET","label":"","metadataUpdated":false,"relations":[],"children":[]}],"advancedFilters":[],"filters":[{"@type":"filter","objectName":"SFTP_GET","objectLabel":"","field":"SFTP_Hostname","fieldLabel":"","type":"STRING","operator":"equals","value":"10.75.158.21"},{"@type":"filter","objectName":"SFTP_GET","objectLabel":"","field":"SFTP_User_ID","fieldLabel":"","type":"STRING","operator":"equals","value":"sftpuser"},{"@type":"filter","objectName":"SFTP_GET","objectLabel":"","field":"SFTP_Password","fieldLabel":"","type":"STRING","operator":"equals","value":"PassKey1"}],"fieldMaps":[{"@type":"fieldMap","id":"54890941","targetField":{"@type":"field","id":176428699,"name":"Delete_Source","type":"int","uniqueName":"Delete_Source","label":"Delete_Source","parentObject":"SFTP_GET.csv","pcType":"INT","precision":10,"scale":0,"columnIndex":0,"isKey":false,"isWaterMarkKey":false,"isExternalId":false,"isSfIdLookup":false,"isNullable":true,"isUnique":false,"isCreateable":false,"isUpdateable":true,"isFilterable":true,"isCalculated":false,"filterType":"INT","showLabel":false,"naturalOrder":0,"typeConfigFields":[],"linkedFields":["Delete_Source"],"relatedInfos":[],"references":[]},"expression":"Delete_Source"},{"@type":"fieldMap","id":"54890911","targetField":{"@type":"field","id":176428669,"name":"DestFileDir","type":"nstring","uniqueName":"DestFileDir","label":"DestFileDir","parentObject":"SFTP_GET.csv","pcType":"UNISTRING","precision":256,"scale":0,"columnIndex":1,"isKey":false,"isWaterMarkKey":false,"isExternalId":false,"isSfIdLookup":false,"isNullable":true,"isUnique":false,"isCreateable":false,"isUpdateable":true,"isFilterable":true,"isCalculated":false,"filterType":"STRING","showLabel":false,"naturalOrder":0,"typeConfigFields":[],"linkedFields":["DestFileDir"],"relatedInfos":[],"references":[]},"expression":"DestFileDir"},{"@type":"fieldMap","id":"54890932","targetField":{"@type":"field","id":176428690,"name":"FileName","type":"nstring","uniqueName":"FileName","label":"FileName","parentObject":"SFTP_GET.csv","pcType":"UNISTRING","precision":256,"scale":0,"columnIndex":2,"isKey":false,"isWaterMarkKey":false,"isExternalId":false,"isSfIdLookup":false,"isNullable":true,"isUnique":false,"isCreateable":false,"isUpdateable":true,"isFilterable":true,"isCalculated":false,"filterType":"STRING","showLabel":false,"naturalOrder":0,"typeConfigFields":[],"linkedFields":["FileName"],"relatedInfos":[],"references":[]},"expression":"FileName"},{"@type":"fieldMap","id":"54890944","targetField":{"@type":"field","id":176428702,"name":"Guaranteed_Delivery","type":"int","uniqueName":"Guaranteed_Delivery","label":"Guaranteed_Delivery","parentObject":"SFTP_GET.csv","pcType":"INT","precision":10,"scale":0,"columnIndex":3,"isKey":false,"isWaterMarkKey":false,"isExternalId":false,"isSfIdLookup":false,"isNullable":true,"isUnique":false,"isCreateable":false,"isUpdateable":true,"isFilterable":true,"isCalculated":false,"filterType":"INT","showLabel":false,"naturalOrder":0,"typeConfigFields":[],"linkedFields":["Guaranteed_Delivery"],"relatedInfos":[],"references":[]},"expression":"Guaranteed_Delivery"},{"@type":"fieldMap","id":"54890950","targetField":{"@type":"field","id":176428708,"name":"Is_IBM_AS400","type":"int","uniqueName":"Is_IBM_AS400","label":"Is_IBM_AS400","parentObject":"SFTP_GET.csv","pcType":"INT","precision":10,"scale":0,"columnIndex":4,"isKey":false,"isWaterMarkKey":false,"isExternalId":false,"isSfIdLookup":false,"isNullable":true,"isUnique":false,"isCreateable":false,"isUpdateable":true,"isFilterable":true,"isCalculated":false,"filterType":"INT","showLabel":false,"naturalOrder":0,"typeConfigFields":[],"linkedFields":["Is_IBM_AS400"],"relatedInfos":[],"references":[]},"expression":"Is_IBM_AS400"},{"@type":"fieldMap","id":"54890938","targetField":{"@type":"field","id":176428696,"name":"LastModDate","type":"datetime","uniqueName":"LastModDate","label":"LastModDate","parentObject":"SFTP_GET.csv","pcType":"DATE","precision":19,"scale":0,"columnIndex":5,"isKey":false,"isWaterMarkKey":false,"isExternalId":false,"isSfIdLookup":false,"isNullable":true,"isUnique":false,"isCreateable":false,"isUpdateable":true,"isFilterable":true,"isCalculated":false,"filterType":"DATETIME","showLabel":false,"naturalOrder":0,"typeConfigFields":[],"linkedFields":["LastModDate"],"relatedInfos":[],"references":[]},"expression":"LastModDate"},{"@type":"fieldMap","id":"54890914","targetField":{"@type":"field","id":176428672,"name":"PatternFlag","type":"int","uniqueName":"PatternFlag","label":"PatternFlag","parentObject":"SFTP_GET.csv","pcType":"INT","precision":10,"scale":0,"columnIndex":6,"isKey":false,"isWaterMarkKey":false,"isExternalId":false,"isSfIdLookup":false,"isNullable":true,"isUnique":false,"isCreateable":false,"isUpdateable":true,"isFilterable":true,"isCalculated":false,"filterType":"INT","showLabel":false,"naturalOrder":0,"typeConfigFields":[],"linkedFields":["PatternFlag"],"relatedInfos":[],"references":[]},"expression":"PatternFlag"},{"@type":"fieldMap","id":"54890926","targetField":{"@type":"field","id":176428684,"name":"SFTP_Hostname","type":"nstring","uniqueName":"SFTP_Hostname","label":"SFTP_Hostname","parentObject":"SFTP_GET.csv","pcType":"UNISTRING","precision":256,"scale":0,"columnIndex":7,"isKey":false,"isWaterMarkKey":false,"isExternalId":false,"isSfIdLookup":false,"isNullable":true,"isUnique":false,"isCreateable":false,"isUpdateable":true,"isFilterable":true,"isCalculated":false,"filterType":"STRING","showLabel":false,"naturalOrder":0,"typeConfigFields":[],"linkedFields":["SFTP_Hostname"],"relatedInfos":[],"references":[]},"expression":"SFTP_Hostname"},{"@type":"fieldMap","id":"54890947","targetField":{"@type":"field","id":176428705,"name":"SFTP_PassPhrase","type":"nstring","uniqueName":"SFTP_PassPhrase","label":"SFTP_PassPhrase","parentObject":"SFTP_GET.csv","pcType":"UNISTRING","precision":256,"scale":0,"columnIndex":8,"isKey":false,"isWaterMarkKey":false,"isExternalId":false,"isSfIdLookup":false,"isNullable":true,"isUnique":false,"isCreateable":false,"isUpdateable":true,"isFilterable":true,"isCalculated":false,"filterType":"STRING","showLabel":false,"naturalOrder":0,"typeConfigFields":[],"linkedFields":["SFTP_PassPhrase"],"relatedInfos":[],"references":[]},"expression":"SFTP_PassPhrase"},{"@type":"fieldMap","id":"54890923","targetField":{"@type":"field","id":176428681,"name":"SFTP_Password","type":"nstring","uniqueName":"SFTP_Password","label":"SFTP_Password","parentObject":"SFTP_GET.csv","pcType":"UNISTRING","precision":256,"scale":0,"columnIndex":9,"isKey":false,"isWaterMarkKey":false,"isExternalId":false,"isSfIdLookup":false,"isNullable":true,"isUnique":false,"isCreateable":false,"isUpdateable":true,"isFilterable":true,"isCalculated":false,"filterType":"STRING","showLabel":false,"naturalOrder":0,"typeConfigFields":[],"linkedFields":["SFTP_Password"],"relatedInfos":[],"references":[]},"expression":"SFTP_Password"},{"@type":"fieldMap","id":"54890920","targetField":{"@type":"field","id":176428678,"name":"SFTP_Port","type":"int","uniqueName":"SFTP_Port","label":"SFTP_Port","parentObject":"SFTP_GET.csv","pcType":"INT","precision":10,"scale":0,"columnIndex":10,"isKey":false,"isWaterMarkKey":false,"isExternalId":false,"isSfIdLookup":false,"isNullable":true,"isUnique":false,"isCreateable":false,"isUpdateable":true,"isFilterable":true,"isCalculated":false,"filterType":"INT","showLabel":false,"naturalOrder":0,"typeConfigFields":[],"linkedFields":["SFTP_Port"],"relatedInfos":[],"references":[]},"expression":"SFTP_Port"},{"@type":"fieldMap","id":"54890929","targetField":{"@type":"field","id":176428687,"name":"SFTP_SSH2_KeyFile","type":"nstring","uniqueName":"SFTP_SSH2_KeyFile","label":"SFTP_SSH2_KeyFile","parentObject":"SFTP_GET.csv","pcType":"UNISTRING","precision":256,"scale":0,"columnIndex":11,"isKey":false,"isWaterMarkKey":false,"isExternalId":false,"isSfIdLookup":false,"isNullable":true,"isUnique":false,"isCreateable":false,"isUpdateable":true,"isFilterable":true,"isCalculated":false,"filterType":"STRING","showLabel":false,"naturalOrder":0,"typeConfigFields":[],"linkedFields":["SFTP_SSH2_KeyFile"],"relatedInfos":[],"references":[]},"expression":"SFTP_SSH2_KeyFile"},{"@type":"fieldMap","id":"54890935","targetField":{"@type":"field","id":176428693,"name":"SFTP_Status","type":"int","uniqueName":"SFTP_Status","label":"SFTP_Status","parentObject":"SFTP_GET.csv","pcType":"INT","precision":10,"scale":0,"columnIndex":12,"isKey":false,"isWaterMarkKey":false,"isExternalId":false,"isSfIdLookup":false,"isNullable":true,"isUnique":false,"isCreateable":false,"isUpdateable":true,"isFilterable":true,"isCalculated":false,"filterType":"INT","showLabel":false,"naturalOrder":0,"typeConfigFields":[],"linkedFields":["SFTP_Status"],"relatedInfos":[],"references":[]},"expression":"SFTP_Status"},{"@type":"fieldMap","id":"54890917","targetField":{"@type":"field","id":176428675,"name":"SFTP_User_ID","type":"nstring","uniqueName":"SFTP_User_ID","label":"SFTP_User_ID","parentObject":"SFTP_GET.csv","pcType":"UNISTRING","precision":256,"scale":0,"columnIndex":13,"isKey":false,"isWaterMarkKey":false,"isExternalId":false,"isSfIdLookup":false,"isNullable":true,"isUnique":false,"isCreateable":false,"isUpdateable":true,"isFilterable":true,"isCalculated":false,"filterType":"STRING","showLabel":false,"naturalOrder":0,"typeConfigFields":[],"linkedFields":["SFTP_User_ID"],"relatedInfos":[],"references":[]},"expression":"SFTP_User_ID"},{"@type":"fieldMap","id":"54890908","targetField":{"@type":"field","id":176428666,"name":"SourceFileDir","type":"nstring","uniqueName":"SourceFileDir","label":"SourceFileDir","parentObject":"SFTP_GET.csv","pcType":"UNISTRING","precision":256,"scale":0,"columnIndex":14,"isKey":false,"isWaterMarkKey":false,"isExternalId":false,"isSfIdLookup":false,"isNullable":true,"isUnique":false,"isCreateable":false,"isUpdateable":true,"isFilterable":true,"isCalculated":false,"filterType":"STRING","showLabel":false,"naturalOrder":0,"typeConfigFields":[],"linkedFields":["SourceFileDir"],"relatedInfos":[],"references":[]},"expression":"SourceFileDir"}],"sourceFields":[{"@type":"field","id":176449318,"name":"SourceFileDir","type":"string","uniqueName":"SourceFileDir","label":"SourceFileDir","parentObject":"SFTP_GET","pcType":"NSTRING","precision":256,"scale":256,"columnIndex":-1,"isKey":false,"isWaterMarkKey":false,"isExternalId":false,"isSfIdLookup":false,"isNullable":true,"isUnique":false,"isCreateable":false,"isUpdateable":true,"isFilterable":false,"isCalculated":false,"filterType":"STRING","javaType":"java.lang.String","showLabel":false,"naturalOrder":0,"typeConfigFields":[],"linkedFields":["SourceFileDir"],"relatedInfos":[],"references":[]},{"@type":"field","id":176449321,"name":"DestFileDir","type":"string","uniqueName":"DestFileDir","label":"DestFileDir","parentObject":"SFTP_GET","pcType":"NSTRING","precision":256,"scale":256,"columnIndex":-1,"isKey":false,"isWaterMarkKey":false,"isExternalId":false,"isSfIdLookup":false,"isNullable":true,"isUnique":false,"isCreateable":false,"isUpdateable":true,"isFilterable":false,"isCalculated":false,"filterType":"STRING","javaType":"java.lang.String","showLabel":false,"naturalOrder":1,"typeConfigFields":[],"linkedFields":["DestFileDir"],"relatedInfos":[],"references":[]},{"@type":"field","id":176449324,"name":"PatternFlag","type":"boolean","uniqueName":"PatternFlag","label":"PatternFlag","parentObject":"SFTP_GET","pcType":"SMALL_INTEGER","precision":10,"scale":10,"columnIndex":-1,"isKey":false,"isWaterMarkKey":false,"isExternalId":false,"isSfIdLookup":false,"isNullable":true,"isUnique":false,"isCreateable":false,"isUpdateable":true,"isFilterable":false,"isCalculated":false,"filterType":"INT","javaType":"java.lang.Boolean","showLabel":false,"naturalOrder":2,"typeConfigFields":[],"linkedFields":["PatternFlag"],"relatedInfos":[],"references":[]},{"@type":"field","id":176449327,"name":"SFTP_User_ID","type":"string","uniqueName":"SFTP_User_ID","label":"SFTP_User_ID","parentObject":"SFTP_GET","pcType":"NSTRING","precision":256,"scale":256,"columnIndex":-1,"isKey":false,"isWaterMarkKey":false,"isExternalId":false,"isSfIdLookup":false,"isNullable":true,"isUnique":false,"isCreateable":false,"isUpdateable":true,"isFilterable":true,"isCalculated":false,"filterType":"STRING","javaType":"java.lang.String","showLabel":false,"naturalOrder":3,"typeConfigFields":[],"linkedFields":["SFTP_User_ID"],"relatedInfos":[],"references":[]},{"@type":"field","id":176449330,"name":"SFTP_Port","type":"integer","uniqueName":"SFTP_Port","label":"SFTP_Port","parentObject":"SFTP_GET","pcType":"INTEGER","precision":10,"scale":10,"columnIndex":-1,"isKey":false,"isWaterMarkKey":false,"isExternalId":false,"isSfIdLookup":false,"isNullable":true,"isUnique":false,"isCreateable":false,"isUpdateable":true,"isFilterable":true,"isCalculated":false,"filterType":"INT","javaType":"java.lang.Integer","showLabel":false,"naturalOrder":4,"typeConfigFields":[],"linkedFields":["SFTP_Port"],"relatedInfos":[],"references":[]},{"@type":"field","id":176449333,"name":"SFTP_Password","type":"string","uniqueName":"SFTP_Password","label":"SFTP_Password","parentObject":"SFTP_GET","pcType":"NSTRING","precision":256,"scale":256,"columnIndex":-1,"isKey":false,"isWaterMarkKey":false,"isExternalId":false,"isSfIdLookup":false,"isNullable":true,"isUnique":false,"isCreateable":false,"isUpdateable":true,"isFilterable":true,"isCalculated":false,"filterType":"STRING","javaType":"java.lang.String","showLabel":false,"naturalOrder":5,"typeConfigFields":[],"linkedFields":["SFTP_Password"],"relatedInfos":[],"references":[]},{"@type":"field","id":176449336,"name":"SFTP_Hostname","type":"string","uniqueName":"SFTP_Hostname","label":"SFTP_Hostname","parentObject":"SFTP_GET","pcType":"NSTRING","precision":256,"scale":256,"columnIndex":-1,"isKey":false,"isWaterMarkKey":false,"isExternalId":false,"isSfIdLookup":false,"isNullable":true,"isUnique":false,"isCreateable":false,"isUpdateable":true,"isFilterable":true,"isCalculated":false,"filterType":"STRING","javaType":"java.lang.String","showLabel":false,"naturalOrder":6,"typeConfigFields":[],"linkedFields":["SFTP_Hostname"],"relatedInfos":[],"references":[]},{"@type":"field","id":176449339,"name":"SFTP_SSH2_KeyFile","type":"string","uniqueName":"SFTP_SSH2_KeyFile","label":"SFTP_SSH2_KeyFile","parentObject":"SFTP_GET","pcType":"NSTRING","precision":256,"scale":256,"columnIndex":-1,"isKey":false,"isWaterMarkKey":false,"isExternalId":false,"isSfIdLookup":false,"isNullable":true,"isUnique":false,"isCreateable":false,"isUpdateable":true,"isFilterable":true,"isCalculated":false,"filterType":"STRING","javaType":"java.lang.String","showLabel":false,"naturalOrder":7,"typeConfigFields":[],"linkedFields":["SFTP_SSH2_KeyFile"],"relatedInfos":[],"references":[]},{"@type":"field","id":176449342,"name":"FileName","type":"string","uniqueName":"FileName","label":"FileName","parentObject":"SFTP_GET","pcType":"NSTRING","precision":256,"scale":256,"columnIndex":-1,"isKey":false,"isWaterMarkKey":false,"isExternalId":false,"isSfIdLookup":false,"isNullable":true,"isUnique":false,"isCreateable":false,"isUpdateable":true,"isFilterable":true,"isCalculated":false,"filterType":"STRING","javaType":"java.lang.String","showLabel":false,"naturalOrder":8,"typeConfigFields":[],"linkedFields":["FileName"],"relatedInfos":[],"references":[]},{"@type":"field","id":176449345,"name":"SFTP_Status","type":"boolean","uniqueName":"SFTP_Status","label":"SFTP_Status","parentObject":"SFTP_GET","pcType":"SMALL_INTEGER","precision":10,"scale":10,"columnIndex":-1,"isKey":false,"isWaterMarkKey":false,"isExternalId":false,"isSfIdLookup":false,"isNullable":true,"isUnique":false,"isCreateable":false,"isUpdateable":true,"isFilterable":false,"isCalculated":false,"filterType":"INT","javaType":"java.lang.Boolean","showLabel":false,"naturalOrder":9,"typeConfigFields":[],"linkedFields":["SFTP_Status"],"relatedInfos":[],"references":[]},{"@type":"field","id":176449348,"name":"LastModDate","type":"datetime","uniqueName":"LastModDate","label":"LastModDate","parentObject":"SFTP_GET","pcType":"TOOLKIT_DATETIME","precision":26,"scale":26,"columnIndex":-1,"isKey":false,"isWaterMarkKey":false,"isExternalId":false,"isSfIdLookup":false,"isNullable":true,"isUnique":false,"isCreateable":false,"isUpdateable":true,"isFilterable":true,"isCalculated":false,"filterType":"TOOLKIT_DATETIME","javaType":"java.sql.Timestamp","showLabel":false,"naturalOrder":10,"typeConfigFields":[],"linkedFields":["LastModDate"],"relatedInfos":[],"references":[]},{"@type":"field","id":176449351,"name":"Delete_Source","type":"boolean","uniqueName":"Delete_Source","label":"Delete_Source","parentObject":"SFTP_GET","pcType":"SMALL_INTEGER","precision":10,"scale":10,"columnIndex":-1,"isKey":false,"isWaterMarkKey":false,"isExternalId":false,"isSfIdLookup":false,"isNullable":true,"isUnique":false,"isCreateable":false,"isUpdateable":true,"isFilterable":true,"isCalculated":false,"filterType":"INT","javaType":"java.lang.Boolean","showLabel":false,"naturalOrder":11,"typeConfigFields":[],"linkedFields":["Delete_Source"],"relatedInfos":[],"references":[]},{"@type":"field","id":176449354,"name":"Guaranteed_Delivery","type":"boolean","uniqueName":"Guaranteed_Delivery","label":"Guaranteed_Delivery","parentObject":"SFTP_GET","pcType":"SMALL_INTEGER","precision":10,"scale":10,"columnIndex":-1,"isKey":false,"isWaterMarkKey":false,"isExternalId":false,"isSfIdLookup":false,"isNullable":true,"isUnique":false,"isCreateable":false,"isUpdateable":true,"isFilterable":true,"isCalculated":false,"filterType":"INT","javaType":"java.lang.Boolean","showLabel":false,"naturalOrder":12,"typeConfigFields":[],"linkedFields":["Guaranteed_Delivery"],"relatedInfos":[],"references":[]},{"@type":"field","id":176449357,"name":"SFTP_PassPhrase","type":"string","uniqueName":"SFTP_PassPhrase","label":"SFTP_PassPhrase","parentObject":"SFTP_GET","pcType":"NSTRING","precision":256,"scale":256,"columnIndex":-1,"isKey":false,"isWaterMarkKey":false,"isExternalId":false,"isSfIdLookup":false,"isNullable":true,"isUnique":false,"isCreateable":false,"isUpdateable":true,"isFilterable":true,"isCalculated":false,"filterType":"STRING","javaType":"java.lang.String","showLabel":false,"naturalOrder":13,"typeConfigFields":[],"linkedFields":["SFTP_PassPhrase"],"relatedInfos":[],"references":[]},{"@type":"field","id":176449360,"name":"Is_IBM_AS400","type":"boolean","uniqueName":"Is_IBM_AS400","label":"Is_IBM_AS400","parentObject":"SFTP_GET","pcType":"SMALL_INTEGER","precision":10,"scale":10,"columnIndex":-1,"isKey":false,"isWaterMarkKey":false,"isExternalId":false,"isSfIdLookup":false,"isNullable":true,"isUnique":false,"isCreateable":false,"isUpdateable":true,"isFilterable":true,"isCalculated":false,"filterType":"INT","javaType":"java.lang.Boolean","showLabel":false,"naturalOrder":14,"typeConfigFields":[],"linkedFields":["Is_IBM_AS400"],"relatedInfos":[],"references":[]}],"sortFields":[],"groupFields":[]}]