[{"@type":"mappingTemplate","id":"@1","name":"m_write_parameters","description":"","bundleVersion":"0","templateId":"@3","deployTime":1653302453000,"hasParameters":true,"valid":true,"fixedConnection":true,"hasParametersDeployed":true,"fixedConnectionDeployed":true,"isSchemaValidationEnabled":false,"tasks":1,"mappingPreviewFileRecordId":"@2","documentType":"MAPPING","references":[{"@type":"reference","refObjectId":"@8G8YsKlMhWBeSUSrNAU322","refType":"connection"},{"@type":"reference","refObjectId":"@8O9nL4QX96PgLyJD1GiRKO","refType":"connection"}]}]