[{"@type":"fileRecord","id":"@5","name":"request","type":"XSD","size":6218,"attachTime":1639974680000},{"@type":"fileRecord","id":"@2","name":"extension","type":"XML","size":31123,"attachTime":1639974680000},{"@type":"fileRecord","id":"@3","name":"fault","type":"XSD","size":6183,"attachTime":1639974680000},{"@type":"fileRecord","id":"@6","name":"response","type":"XSD","size":12495,"attachTime":1639974680000},{"@type":"fileRecord","id":"@4","name":"metadata","type":"JSON","size":6274,"attachTime":1639974680000}]