[{"@type":"drsTask","id":"@1","name":"DRSCase04333572","maxLogs":10,"sourceConnectionId":"@3X0IKzlDxJbdLqbgaYKKw5","targetConnectionId":"@8G8YsKlMhWBeSUSrNAU322","tablePrefix":"ora_","verbose":false,"fullRefresh":true,"replicateAllObjects":true,"removeDeleted":true,"queryAll":false,"srcShowLabels":false,"maxRows":0,"stopOnError":true,"replicationObjects":[],"excludedReplicationObjects":[],"majorUpdateTime":1655873951000,"metadataMode":0,"bulkApi":false,"base64BodySize":0.0,"bulkApiDBTarget":false,"fieldExclusions":[],"filters":[],"advancedFilters":[],"srcRuntimeAttrs":{"@type":"taskRuntimeAttrs","attrs":{}}}]