[{"@type":"mappingTemplate","id":"@1","name":"m_odata_restV2_post","description":"","bundleVersion":"0","templateId":"@3","deployTime":1640281791000,"hasParameters":false,"valid":true,"fixedConnection":true,"hasParametersDeployed":false,"fixedConnectionDeployed":true,"isSchemaValidationEnabled":false,"tasks":1,"mappingPreviewFileRecordId":"@2","documentType":"MAPPING","references":[{"@type":"reference","refObjectId":"@d53aAKDZZQJeTpPIh2Pggo","refType":"businessService"},{"@type":"reference","refObjectId":"@aRpsgJfKkqdeVJi5wC1kI7","refType":"connection"}]}]