[{"@type":"mappingTemplate","id":"@1","name":"m_no_of_warning_records_before_fail","description":"","bundleVersion":"0","templateId":"@3","deployTime":1640003795000,"hasParameters":false,"valid":true,"fixedConnection":true,"hasParametersDeployed":false,"fixedConnectionDeployed":true,"isSchemaValidationEnabled":false,"tasks":1,"mappingPreviewFileRecordId":"@2","documentType":"MAPPING","references":[{"@type":"reference","refObjectId":"@3X0IKzlDxJbdLqbgaYKKw5","refType":"connection"},{"@type":"reference","refObjectId":"@aRpsgJfKkqdeVJi5wC1kI7","refType":"connection"}]}]