[{"@type":"mappingTemplate","id":"@1","name":"m_odata_post_odata_org_mid_stream_case_04248233","description":"","bundleVersion":"0","templateId":"@3","deployTime":1640266312000,"hasParameters":false,"valid":true,"fixedConnection":true,"hasParametersDeployed":false,"fixedConnectionDeployed":true,"isSchemaValidationEnabled":false,"tasks":1,"mappingPreviewFileRecordId":"@2","documentType":"MAPPING","references":[{"@type":"reference","refObjectId":"@0Mx23W0swALj6ZxCDK31yX","refType":"businessService"},{"@type":"reference","refObjectId":"@aRpsgJfKkqdeVJi5wC1kI7","refType":"connection"}]}]