[{"@type":"mappingTemplate","id":"@1","name":"m_primary_constraint_violation","description":".","bundleVersion":"0","templateId":"@3","deployTime":1640277907000,"hasParameters":true,"valid":true,"fixedConnection":true,"hasParametersDeployed":true,"fixedConnectionDeployed":true,"isSchemaValidationEnabled":false,"tasks":2,"mappingPreviewFileRecordId":"@2","documentType":"MAPPING","references":[{"@type":"reference","refObjectId":"@aRpsgJfKkqdeVJi5wC1kI7","refType":"connection"},{"@type":"reference","refObjectId":"@8O9nL4QX96PgLyJD1GiRKO","refType":"connection"}]}]