[{"@type":"mappingTemplate","id":"@1","name":"mPartitioningOracleToSqlServer","description":"","bundleVersion":"0","templateId":"@3","deployTime":1719905905000,"hasParameters":false,"valid":true,"fixedConnection":true,"hasParametersDeployed":false,"fixedConnectionDeployed":true,"isSchemaValidationEnabled":false,"tasks":1,"mappingPreviewFileRecordId":"@2","documentType":"MAPPING","references":[{"@type":"reference","refObjectId":"@ciPLI8bWuclbsfEHFkldKT","refType":"connection"},{"@type":"reference","refObjectId":"@8O9nL4QX96PgLyJD1GiRKO","refType":"connection"}]}]