[{"@type":"mappingTemplate","id":"@1","name":"mMultiGetRestV2","description":"","bundleVersion":"0","templateId":"@3","deployTime":1682001028000,"hasParameters":true,"valid":true,"fixedConnection":true,"hasParametersDeployed":true,"fixedConnectionDeployed":true,"isSchemaValidationEnabled":false,"tasks":0,"mappingPreviewFileRecordId":"@2","documentType":"MAPPING","references":[{"@type":"reference","refObjectId":"@6UQBWr8O7Gyir5zSf2o4Oz","refType":"businessService"},{"@type":"reference","refObjectId":"@8G8YsKlMhWBeSUSrNAU322","refType":"connection"},{"@type":"reference","refObjectId":"@093dMGOeKy4lgOWiMb1RaO","refType":"connection"},{"@type":"reference","refObjectId":"@6UQBWr8O7Gyir5zSf2o4Oz@GetOrg","refType":"businessOperation"}]}]