[{"@type":"fileRecord","id":"@4","name":"metadata","type":"JSON","size":2604,"attachTime":1645035535000},{"@type":"fileRecord","id":"@6","name":"response","type":"XSD","size":6269,"attachTime":1645035535000},{"@type":"fileRecord","id":"@5","name":"request","type":"XSD","size":5193,"attachTime":1645035535000},{"@type":"fileRecord","id":"@2","name":"extension","type":"XML","size":18199,"attachTime":1645035535000},{"@type":"fileRecord","id":"@3","name":"fault","type":"XSD","size":4601,"attachTime":1645035535000}]